<?xml version="1.0" encoding="utf-8"?>
<!--Copyright 2016 Stanislav Krotov <https://it-projects.info/team/ufaks>
    Copyright 2018 Kolushov Alexandr <https://it-projects.info/team/KolushovAlexandr>
    License LGPL-3.0 or later (https://www.gnu.org/licenses/lgpl.html).-->
<odoo>
        <template id="assets" inherit_id="point_of_sale.assets">
            <xpath expr="." position="inside">
                <script type="text/javascript" src="/pos_product_available_negative/static/src/js/pos.js"></script>
            </xpath>
        </template>
        <template id="assets_backend_web" name="pos_product_available_backend_assets" inherit_id="web.assets_backend">
            <xpath expr="." position="inside">
                <script type="text/javascript" src="/pos_product_available_negative/static/src/js/test_pos_negative_qtys.js"></script>
            </xpath>
        </template>
</odoo>
