<?xml version="1.0" encoding="utf-8"?>
<!--Copyright 2016 Stanislav Krotov <https://it-projects.info/team/ufaks>
    Copyright 2018-2019 Kolushov Alexandr <https://it-projects.info/team/KolushovAlexandr>
    License LGPL-3.0 or later (https://www.gnu.org/licenses/lgpl.html).-->
<odoo>

    <record id="view_pos_product_available_negative_config_form" model="ir.ui.view">
        <field name="name">pos.pin.config.form.view</field>
        <field name="model">pos.config</field>
        <field name="inherit_id" ref="point_of_sale.pos_config_view_form"/>
        <field name="arch" type="xml">
            <xpath expr="//div[@id='inventory_location']" position="after">
                <h2 name="order">Out of Stock Products</h2>
                <div class="row mt16 o_settings_container">
                    <div class="col-xs-12 col-md-6 o_setting_box" id="negative_order_group_id">
                        <div class="o_setting_right_pane">
                            <label for="negative_order_group_id"/>
                            <div class="content-group mt16">
                                <field name="negative_order_group_id"/>
                            </div>
                        </div>
                    </div>

                    <div class="col-xs-12 col-md-6 o_setting_box" id="negative_order_manager_permission">
                        <div class="o_setting_left_pane">
                            <field name="negative_order_manager_permission"/>
                        </div>
                        <div class="o_setting_right_pane">
                            <label for="negative_order_manager_permission"/>
                        </div>
                    </div>
                    <div class="col-xs-12 col-md-6 o_setting_box" id="negative_order_warning">
                        <div class="o_setting_left_pane">
                            <field name="negative_order_warning"/>
                        </div>
                        <div class="o_setting_right_pane">
                            <label for="negative_order_warning"/>
                        </div>
                    </div>
                </div>
            </xpath>
        </field>
    </record>

    <record id="view_pos_product_available_negative_order_form" model="ir.ui.view">
        <field name="name">pos.product.available.negative.order</field>
        <field name="model">pos.order</field>
        <field name="inherit_id" ref="point_of_sale.view_pos_pos_form"/>
        <field name="arch" type="xml">
            <field name="fiscal_position_id" position="after">
                <field name="negative_stock_user_id"/>
            </field>
        </field>
    </record>

</odoo>
